Region_Name,Party,Year,Votes,Seats,Vote_Share,Region_Code
Drenthe,50PLUS,2012,3962,2.0,0.009262697031324305,PV20
Drenthe,50PLUS,2017,11178,4.0,0.02613286911058634,PV20
Drenthe,50PLUS,2021,3438,1.0,0.008037645732885654,PV20
Drenthe,50PLUS,2023,1470,0.0,0.003436689711268735,PV20
Drenthe,BBB,2021,7056,1.0,0.016496110614089926,PV20
Drenthe,BBB,2023,28602,6.0,0.06686816266782881,PV20
Drenthe,CDA,2017,45692,18.0,0.10682260291652451,PV20
Drenthe,CDA,2021,34638,14.0,0.08097963144144656,PV20
Drenthe,CDA,2023,11928,4.0,0.02788628222858059,PV20
Drenthe,Christen Democratisch Appèl (CDA),2010,40079,20.0,0.09370005914145553,PV20
Drenthe,Christen Democratisch Appèl (CDA),2012,28551,12.0,0.06674893057580521,PV20
Drenthe,ChristenUnie,2010,12523,4.0,0.029277323302189365,PV20
Drenthe,ChristenUnie,2012,12410,4.0,0.029013142392411564,PV20
Drenthe,ChristenUnie,2017,14449,5.0,0.03378008818919861,PV20
Drenthe,ChristenUnie,2021,14377,5.0,0.03361176052987116,PV20
Drenthe,ChristenUnie,2023,8541,3.0,0.019967868587718547,PV20
Drenthe,D66,2021,40244,22.0,0.09408581002741427,PV20
Drenthe,D66,2023,14467,9.0,0.03382217010403047,PV20
Drenthe,DENK,2017,900,3.0,0.0021040957415931027,PV20
Drenthe,DENK,2021,936,3.0,0.002188259571256827,PV20
Drenthe,DENK,2023,1487,3.0,0.0034764337419432713,PV20
Drenthe,Democraten 66 (D66),2010,15036,10.0,0.03515242618954877,PV20
Drenthe,Democraten 66 (D66),2012,17162,12.0,0.040122767908023146,PV20
Drenthe,Democraten 66 (D66),2017,32412,18.0,0.07577550130723962,PV20
Drenthe,Forum voor Democratie,2017,5744,2.0,0.013428806599678647,PV20
Drenthe,Forum voor Democratie,2021,17664,7.0,0.041296385755000636,PV20
Drenthe,Forum voor Democratie,2023,7729,3.0,0.018069506651970105,PV20
Drenthe,GROENLINKS,2010,16992,10.0,0.03972532760127779,PV20
Drenthe,GROENLINKS,2012,5352,3.0,0.012512356010006985,PV20
Drenthe,GROENLINKS,2017,24546,13.0,0.05738570452571589,PV20
Drenthe,GROENLINKS,2021,12502,7.0,0.029228227734885523,PV20
Drenthe,JA21,2021,6657,3.0,0.015563294835316984,PV20
Drenthe,JA21,2023,1993,1.0,0.00465940312555006,PV20
Drenthe,PVV (Partij voor de Vrijheid),2010,37807,23.0,0.0883883863360116,PV20
Drenthe,PVV (Partij voor de Vrijheid),2012,24212,15.0,0.05660485121716912,PV20
Drenthe,PVV (Partij voor de Vrijheid),2017,40798,19.0,0.09538099785057269,PV20
Drenthe,PVV (Partij voor de Vrijheid),2021,39270,16.0,0.09180871085817906,PV20
Drenthe,PVV (Partij voor de Vrijheid),2023,84505,35.0,0.19756290071480573,PV20
Drenthe,Partij van de Arbeid (P.v.d.A.),2010,75850,29.0,0.17732851333315205,PV20
Drenthe,Partij van de Arbeid (P.v.d.A.),2012,95938,37.0,0.22429193028551012,PV20
Drenthe,Partij van de Arbeid (P.v.d.A.),2017,27129,8.0,0.0634244593040881,PV20
Drenthe,Partij van de Arbeid (P.v.d.A.),2021,27380,8.0,0.06401126822757684,PV20
Drenthe,Partij voor de Dieren,2010,3162,1.0,0.007392389705463769,PV20
Drenthe,Partij voor de Dieren,2012,4389,2.0,0.010260973566502365,PV20
Drenthe,Partij voor de Dieren,2017,8107,4.0,0.018953226863439206,PV20
Drenthe,Partij voor de Dieren,2021,10424,5.0,0.02437010445596278,PV20
Drenthe,Partij voor de Dieren,2023,5967,3.0,0.013950154766762273,PV20
Drenthe,SP (Socialistische Partij),2010,28400,14.0,0.06639591006804903,PV20
Drenthe,SP (Socialistische Partij),2012,26696,14.0,0.062412155463966085,PV20
Drenthe,SP (Socialistische Partij),2017,37744,13.0,0.08824109963410008,PV20
Drenthe,SP (Socialistische Partij),2021,23842,8.0,0.055739834078958626,PV20
Drenthe,SP (Socialistische Partij),2023,10736,4.0,0.025099524313048394,PV20
Drenthe,Staatkundig Gereformeerde Partij (SGP),2010,1340,2.0,0.003132764770816398,PV20
Drenthe,Staatkundig Gereformeerde Partij (SGP),2012,2000,3.0,0.00467576831465134,PV20
Drenthe,Staatkundig Gereformeerde Partij (SGP),2017,2460,3.0,0.005751195027021148,PV20
Drenthe,Staatkundig Gereformeerde Partij (SGP),2021,2445,3.0,0.005716126764661263,PV20
Drenthe,Staatkundig Gereformeerde Partij (SGP),2023,2569,3.0,0.006006024400169646,PV20
Drenthe,VVD,2010,55630,30.0,0.130056495672027,PV20
Drenthe,VVD,2012,69382,39.0,0.16220707860356964,PV20
Drenthe,VVD,2017,61555,31.0,0.1439084593041816,PV20
Drenthe,VVD,2021,64565,32.0,0.15094549061773188,PV20
Drenthe,VVD,2023,40761,22.0,0.09529449613675163,PV20
Drenthe,Volt,2021,4277,3.0,0.00999913054088189,PV20
Drenthe,Volt,2023,3254,2.0,0.007607475047937729,PV20
Flevoland,50PLUS,2012,4323,2.0,0.010106673212118871,PV24
Flevoland,50PLUS,2017,8930,4.0,0.020877305524918233,PV24
Flevoland,50PLUS,2021,2737,1.0,0.006398788938600359,PV24
Flevoland,50PLUS,2023,1498,0.0,0.003502150467673854,PV24
Flevoland,BBB,2021,1992,1.0,0.004657065241392735,PV24
Flevoland,BBB,2023,11774,6.0,0.027526248068352438,PV24
Flevoland,CDA,2017,24740,18.0,0.057839254052237075,PV24
Flevoland,CDA,2021,18272,14.0,0.04271781932265464,PV24
Flevoland,CDA,2023,5716,4.0,0.01336334584327353,PV24
Flevoland,Christen Democratisch Appèl (CDA),2010,21433,20.0,0.050107871143961084,PV24
Flevoland,Christen Democratisch Appèl (CDA),2012,13132,12.0,0.0307010947540007,PV24
Flevoland,ChristenUnie,2010,9884,4.0,0.023107647011006923,PV24
Flevoland,ChristenUnie,2012,9484,4.0,0.022172493348076656,PV24
Flevoland,ChristenUnie,2017,10998,5.0,0.025712049962267718,PV24
Flevoland,ChristenUnie,2021,9629,5.0,0.022511486550888877,PV24
Flevoland,ChristenUnie,2023,5963,3.0,0.01394080323013297,PV24
Flevoland,D66,2021,27805,22.0,0.06500486899444026,PV24
Flevoland,D66,2023,10232,9.0,0.023921230697756254,PV24
Flevoland,DENK,2017,4971,3.0,0.011621622146065906,PV24
Flevoland,DENK,2021,5654,3.0,0.013218397025519336,PV24
Flevoland,DENK,2023,7505,3.0,0.01754582060072915,PV24
Flevoland,Democraten 66 (D66),2010,11039,10.0,0.025807903212718072,PV24
Flevoland,Democraten 66 (D66),2012,11825,12.0,0.027645480160376046,PV24
Flevoland,Democraten 66 (D66),2017,23243,18.0,0.054339441468720544,PV24
Flevoland,Forum voor Democratie,2017,4985,2.0,0.011654352524268465,PV24
Flevoland,Forum voor Democratie,2021,16072,7.0,0.03757447417653817,PV24
Flevoland,Forum voor Democratie,2023,7422,3.0,0.017351776215671123,PV24
Flevoland,GROENLINKS,2010,11345,10.0,0.026523295764859726,PV24
Flevoland,GROENLINKS,2012,3408,3.0,0.007967509208165883,PV24
Flevoland,GROENLINKS,2017,18438,13.0,0.043105908092770706,PV24
Flevoland,GROENLINKS,2021,9979,7.0,0.02332974600595286,PV24
Flevoland,JA21,2021,6081,3.0,0.014216673560697397,PV24
Flevoland,JA21,2023,1597,1.0,0.003733600999249095,PV24
Flevoland,PVV (Partij voor de Vrijheid),2010,32825,23.0,0.07674104746421512,PV24
Flevoland,PVV (Partij voor de Vrijheid),2012,25319,15.0,0.05919288897932864,PV24
Flevoland,PVV (Partij voor de Vrijheid),2017,34047,19.0,0.07959794190446709,PV24
Flevoland,PVV (Partij voor de Vrijheid),2021,28008,16.0,0.06547945947837737,PV24
Flevoland,PVV (Partij voor de Vrijheid),2023,60434,35.0,0.14128769116381953,PV24
Flevoland,Partij van de Arbeid (P.v.d.A.),2010,38358,29.0,0.08967656050669805,PV24
Flevoland,Partij van de Arbeid (P.v.d.A.),2012,47514,37.0,0.11108222785117189,PV24
Flevoland,Partij van de Arbeid (P.v.d.A.),2017,11873,8.0,0.027757698599927678,PV24
Flevoland,Partij van de Arbeid (P.v.d.A.),2021,11061,8.0,0.025859336664179233,PV24
Flevoland,Partij voor de Dieren,2010,2747,1.0,0.006422167780173616,PV24
Flevoland,Partij voor de Dieren,2012,4034,2.0,0.009431024690651752,PV24
Flevoland,Partij voor de Dieren,2017,7399,4.0,0.017298004880052634,PV24
Flevoland,Partij voor de Dieren,2021,8302,5.0,0.019409114274117713,PV24
Flevoland,Partij voor de Dieren,2023,4389,3.0,0.010260973566502365,PV24
Flevoland,SP (Socialistische Partij),2010,17295,14.0,0.040433706500947464,PV24
Flevoland,SP (Socialistische Partij),2012,16896,14.0,0.03950089072217452,PV24
Flevoland,SP (Socialistische Partij),2017,18743,13.0,0.04381896276075503,PV24
Flevoland,SP (Socialistische Partij),2021,13148,8.0,0.030738500900517912,PV24
Flevoland,SP (Socialistische Partij),2023,7193,4.0,0.016816400743643545,PV24
Flevoland,Staatkundig Gereformeerde Partij (SGP),2010,4993,2.0,0.011673055597527071,PV24
Flevoland,Staatkundig Gereformeerde Partij (SGP),2012,7246,3.0,0.016940308603981807,PV24
Flevoland,Staatkundig Gereformeerde Partij (SGP),2017,9072,3.0,0.021209285075258478,PV24
Flevoland,Staatkundig Gereformeerde Partij (SGP),2021,9451,3.0,0.022095343170884907,PV24
Flevoland,Staatkundig Gereformeerde Partij (SGP),2023,8656,3.0,0.020236725265811,PV24
Flevoland,VVD,2010,49468,30.0,0.11565045349458623,PV24
Flevoland,VVD,2012,58525,39.0,0.13682467030748485,PV24
Flevoland,VVD,2017,47998,31.0,0.1122137637833175,PV24
Flevoland,VVD,2021,48696,32.0,0.11384560692513082,PV24
Flevoland,VVD,2023,33539,22.0,0.07841029675254564,PV24
Flevoland,Volt,2021,3800,3.0,0.008883959797837546,PV24
Flevoland,Volt,2023,2392,2.0,0.005592218904323003,PV24
Friesland,50PLUS,2012,2323,2.0,0.005430904897467531,PV21
Friesland,50PLUS,2017,6583,4.0,0.015390291407674887,PV21
Friesland,50PLUS,2021,2113,1.0,0.004939949224429141,PV21
Friesland,50PLUS,2023,1176,0.0,0.0027493517690149877,PV21
Friesland,BBB,2021,5156,1.0,0.012054130715171155,PV21
Friesland,BBB,2023,19884,6.0,0.04648648858426362,PV21
Friesland,CDA,2017,32977,18.0,0.07709640585612862,PV21
Friesland,CDA,2021,31608,14.0,0.07389584244474977,PV21
Friesland,CDA,2023,12222,4.0,0.028573620170834337,PV21
Friesland,Christen Democratisch Appèl (CDA),2010,27652,20.0,0.06464717271836942,PV21
Friesland,Christen Democratisch Appèl (CDA),2012,20139,12.0,0.04708264904438167,PV21
Friesland,ChristenUnie,2010,10427,4.0,0.02437711810843476,PV21
Friesland,ChristenUnie,2012,10245,4.0,0.023951623191801486,PV21
Friesland,ChristenUnie,2017,11560,5.0,0.027025940858684747,PV21
Friesland,ChristenUnie,2021,12350,5.0,0.028872869342972025,PV21
Friesland,ChristenUnie,2023,7338,3.0,0.01715539394645577,PV21
Friesland,D66,2021,33346,22.0,0.07795908511018179,PV21
Friesland,D66,2023,12470,9.0,0.029153415441851106,PV21
Friesland,DENK,2017,724,3.0,0.0016926281299037853,PV21
Friesland,DENK,2021,902,3.0,0.0021087715099077546,PV21
Friesland,DENK,2023,1338,3.0,0.0031280890025017463,PV21
Friesland,Democraten 66 (D66),2010,9736,10.0,0.022761640155722723,PV21
Friesland,Democraten 66 (D66),2012,10687,12.0,0.024984967989339437,PV21
Friesland,Democraten 66 (D66),2017,23550,18.0,0.05505717190501953,PV21
Friesland,Forum voor Democratie,2017,4206,2.0,0.009833140765711767,PV21
Friesland,Forum voor Democratie,2021,18294,7.0,0.04276925277411581,PV21
Friesland,Forum voor Democratie,2023,7223,3.0,0.016886537268363314,PV21
Friesland,GROENLINKS,2010,13299,10.0,0.031091521408274085,PV21
Friesland,GROENLINKS,2012,3792,3.0,0.00886525672457894,PV21
Friesland,GROENLINKS,2017,21072,13.0,0.04926389496316652,PV21
Friesland,GROENLINKS,2021,11656,7.0,0.02725037773778801,PV21
Friesland,JA21,2021,4883,3.0,0.011415888340221246,PV21
Friesland,JA21,2023,1637,1.0,0.003827116365542122,PV21
Friesland,PVV (Partij voor de Vrijheid),2010,22797,23.0,0.0532967451345533,PV21
Friesland,PVV (Partij voor de Vrijheid),2012,14864,15.0,0.03475031011448876,PV21
Friesland,PVV (Partij voor de Vrijheid),2017,25636,19.0,0.059933998257200874,PV21
Friesland,PVV (Partij voor de Vrijheid),2021,28001,16.0,0.06546309428927609,PV21
Friesland,PVV (Partij voor de Vrijheid),2023,64111,35.0,0.14988409121030605,PV21
Friesland,Partij van de Arbeid (P.v.d.A.),2010,53152,29.0,0.12426321873017401,PV21
Friesland,Partij van de Arbeid (P.v.d.A.),2012,70355,37.0,0.1644818398886475,PV21
Friesland,Partij van de Arbeid (P.v.d.A.),2017,20791,8.0,0.048606949514958,PV21
Friesland,Partij van de Arbeid (P.v.d.A.),2021,24808,8.0,0.057998230174935224,PV21
Friesland,Partij voor de Dieren,2010,2320,1.0,0.005423891244995554,PV21
Friesland,Partij voor de Dieren,2012,3432,2.0,0.0080236184279417,PV21
Friesland,Partij voor de Dieren,2017,7239,4.0,0.016923943414880523,PV21
Friesland,Partij voor de Dieren,2021,10132,5.0,0.02368744228202369,PV21
Friesland,Partij voor de Dieren,2023,5410,3.0,0.012647953291131876,PV21
Friesland,SP (Socialistische Partij),2010,22701,14.0,0.053072308255450035,PV21
Friesland,SP (Socialistische Partij),2012,19605,14.0,0.04583421890436976,PV21
Friesland,SP (Socialistische Partij),2017,26415,13.0,0.061755210015757574,PV21
Friesland,SP (Socialistische Partij),2021,19581,8.0,0.04577810968459395,PV21
Friesland,SP (Socialistische Partij),2023,9629,4.0,0.022511486550888877,PV21
Friesland,Staatkundig Gereformeerde Partij (SGP),2010,939,2.0,0.0021952732237288043,PV21
Friesland,Staatkundig Gereformeerde Partij (SGP),2012,1531,3.0,0.0035793006448656007,PV21
Friesland,Staatkundig Gereformeerde Partij (SGP),2017,1711,3.0,0.004000119793184221,PV21
Friesland,Staatkundig Gereformeerde Partij (SGP),2021,2202,3.0,0.005148020914431125,PV21
Friesland,Staatkundig Gereformeerde Partij (SGP),2023,2192,3.0,0.005124642072857869,PV21
Friesland,VVD,2010,29820,30.0,0.06971570557145149,PV21
Friesland,VVD,2012,36920,39.0,0.08631468308846373,PV21
Friesland,VVD,2017,37157,31.0,0.08686876163374992,PV21
Friesland,VVD,2021,44720,32.0,0.10455017951560397,PV21
Friesland,VVD,2023,30088,22.0,0.07034225852561475,PV21
Friesland,Volt,2021,4296,3.0,0.01004355033987108,PV21
Friesland,Volt,2023,2599,2.0,0.0060761609248894165,PV21
Gelderland,50PLUS,2012,18020,2.0,0.042128672515008576,PV25
Gelderland,50PLUS,2017,35333,4.0,0.0826044609307879,PV25
Gelderland,50PLUS,2021,11949,1.0,0.02793537779588443,PV25
Gelderland,50PLUS,2023,5514,0.0,0.012891093243493744,PV25
Gelderland,BBB,2021,20086,1.0,0.04695874118404341,PV25
Gelderland,BBB,2023,83251,6.0,0.19463119398151935,PV25
Gelderland,CDA,2017,176585,18.0,0.41283527392135344,PV25
Gelderland,CDA,2021,136643,14.0,0.3194555049094515,PV25
Gelderland,CDA,2023,48800,4.0,0.11408874687749271,PV25
Gelderland,Christen Democratisch Appèl (CDA),2010,174672,20.0,0.4083629015283894,PV25
Gelderland,Christen Democratisch Appèl (CDA),2012,108161,12.0,0.2528678883405018,PV25
Gelderland,ChristenUnie,2010,48342,4.0,0.11301799593343755,PV25
Gelderland,ChristenUnie,2012,47253,4.0,0.11047204008610989,PV25
Gelderland,ChristenUnie,2017,57271,5.0,0.13389296357419844,PV25
Gelderland,ChristenUnie,2021,60715,5.0,0.14194463661202805,PV25
Gelderland,ChristenUnie,2023,37789,3.0,0.08834630442117974,PV25
Gelderland,D66,2021,188781,22.0,0.4413481091040973,PV25
Gelderland,D66,2023,79542,9.0,0.18595998164199842,PV25
Gelderland,DENK,2017,17930,3.0,0.041918262940849264,PV25
Gelderland,DENK,2021,17053,3.0,0.03986793853487465,PV25
Gelderland,DENK,2023,19603,3.0,0.045829543136055105,PV25
Gelderland,Democraten 66 (D66),2010,74651,10.0,0.1745253902285186,PV25
Gelderland,Democraten 66 (D66),2012,86945,12.0,0.20326733805868039,PV25
Gelderland,Democraten 66 (D66),2017,153306,18.0,0.35841166862296914,PV25
Gelderland,Forum voor Democratie,2017,18377,2.0,0.04296329715917384,PV25
Gelderland,Forum voor Democratie,2021,59113,7.0,0.13819934619199234,PV25
Gelderland,Forum voor Democratie,2023,26604,3.0,0.06219707012149212,PV25
Gelderland,GROENLINKS,2010,74585,10.0,0.1743710898741351,PV25
Gelderland,GROENLINKS,2012,27396,3.0,0.06404867437409406,PV25
Gelderland,GROENLINKS,2017,113392,13.0,0.26509736036747233,PV25
Gelderland,GROENLINKS,2021,69109,7.0,0.16156883622861973,PV25
Gelderland,JA21,2021,28240,3.0,0.06602184860287692,PV25
Gelderland,JA21,2023,8264,1.0,0.019320274676139337,PV25
Gelderland,PVV (Partij voor de Vrijheid),2010,148775,23.0,0.3478187155061266,PV25
Gelderland,PVV (Partij voor de Vrijheid),2012,94723,15.0,0.22145140103435942,PV25
Gelderland,PVV (Partij voor de Vrijheid),2017,147114,19.0,0.3439354899208086,PV25
Gelderland,PVV (Partij voor de Vrijheid),2021,132427,16.0,0.3095989853021665,PV25
Gelderland,PVV (Partij voor de Vrijheid),2023,299450,35.0,0.7000794109111719,PV25
Gelderland,Partij van de Arbeid (P.v.d.A.),2010,210025,29.0,0.4910141201423238,PV25
Gelderland,Partij van de Arbeid (P.v.d.A.),2012,274486,37.0,0.6417164708076939,PV25
Gelderland,Partij van de Arbeid (P.v.d.A.),2017,69435,8.0,0.1623309864639079,PV25
Gelderland,Partij van de Arbeid (P.v.d.A.),2021,71266,8.0,0.1666116523559712,PV25
Gelderland,Partij voor de Dieren,2010,12778,1.0,0.029873483762307414,PV25
Gelderland,Partij voor de Dieren,2012,19117,2.0,0.044693331435594834,PV25
Gelderland,Partij voor de Dieren,2017,36910,4.0,0.08629130424689048,PV25
Gelderland,Partij voor de Dieren,2021,47908,5.0,0.1120033542091582,PV25
Gelderland,Partij voor de Dieren,2023,29126,3.0,0.06809321396626747,PV25
Gelderland,SP (Socialistische Partij),2010,108053,14.0,0.25261539685151063,PV25
Gelderland,SP (Socialistische Partij),2012,108509,14.0,0.25368147202725116,PV25
Gelderland,SP (Socialistische Partij),2017,116330,13.0,0.2719660640216952,PV25
Gelderland,SP (Socialistische Partij),2021,75110,8.0,0.17559847905673107,PV25
Gelderland,SP (Socialistische Partij),2023,38999,4.0,0.0911751442515438,PV25
Gelderland,Staatkundig Gereformeerde Partij (SGP),2010,37380,2.0,0.08739010980083355,PV25
Gelderland,Staatkundig Gereformeerde Partij (SGP),2012,44459,3.0,0.10393999175054196,PV25
Gelderland,Staatkundig Gereformeerde Partij (SGP),2017,50059,3.0,0.11703214303156573,PV25
Gelderland,Staatkundig Gereformeerde Partij (SGP),2021,53533,3.0,0.1251539525941151,PV25
Gelderland,Staatkundig Gereformeerde Partij (SGP),2023,55945,3.0,0.1307929291815846,PV25
Gelderland,VVD,2010,216937,30.0,0.5071735754377589,PV25
Gelderland,VVD,2012,287866,39.0,0.6729973608327113,PV25
Gelderland,VVD,2017,264892,31.0,0.6192868102023114,PV25
Gelderland,VVD,2021,290332,32.0,0.6787625831646764,PV25
Gelderland,VVD,2023,192243,22.0,0.4494418640567588,PV25
Gelderland,Volt,2021,27836,3.0,0.06507734340331736,PV25
Gelderland,Volt,2023,20628,2.0,0.04822587439731392,PV25
Groningen,50PLUS,2012,1815,2.0,0.004243259745546091,PV22
Groningen,50PLUS,2017,4809,4.0,0.011242884912579146,PV22
Groningen,50PLUS,2021,3064,1.0,0.007163277058045853,PV22
Groningen,50PLUS,2023,1432,0.0,0.003347850113290359,PV22
Groningen,BBB,2021,6025,1.0,0.014085752047887163,PV22
Groningen,BBB,2023,22356,6.0,0.05226573822117268,PV22
Groningen,CDA,2017,16797,18.0,0.039269440190599275,PV22
Groningen,CDA,2021,31758,14.0,0.07424652506834863,PV22
Groningen,CDA,2023,10792,4.0,0.025230445825858632,PV22
Groningen,Christen Democratisch Appèl (CDA),2010,14456,20.0,0.03379645337829989,PV22
Groningen,Christen Democratisch Appèl (CDA),2012,9689,12.0,0.022651759600328416,PV22
Groningen,ChristenUnie,2010,8361,4.0,0.019547049439399927,PV22
Groningen,ChristenUnie,2012,7978,4.0,0.018651639807144196,PV22
Groningen,ChristenUnie,2017,9186,5.0,0.021475803869193604,PV22
Groningen,ChristenUnie,2021,19604,5.0,0.045831881020212434,PV22
Groningen,ChristenUnie,2023,12374,3.0,0.028928978562747842,PV22
Groningen,D66,2021,55182,22.0,0.1290091235695451,PV22
Groningen,D66,2023,20899,9.0,0.04885944100394918,PV22
Groningen,DENK,2017,849,3.0,0.001984863649569494,PV22
Groningen,DENK,2021,1838,3.0,0.004297031081164581,PV22
Groningen,DENK,2023,2794,3.0,0.006532048335567922,PV22
Groningen,Democraten 66 (D66),2010,14619,10.0,0.034177528495943965,PV22
Groningen,Democraten 66 (D66),2012,17576,12.0,0.041090651949155975,PV22
Groningen,Democraten 66 (D66),2017,30961,18.0,0.07238323139496007,PV22
Groningen,Forum voor Democratie,2017,3446,2.0,0.008056348806144259,PV22
Groningen,Forum voor Democratie,2021,18312,7.0,0.04281133468894767,PV22
Groningen,Forum voor Democratie,2023,8358,3.0,0.01954003578692795,PV22
Groningen,GROENLINKS,2010,17721,10.0,0.041429645151968196,PV22
Groningen,GROENLINKS,2012,6100,3.0,0.014261093359686589,PV22
Groningen,GROENLINKS,2017,28953,13.0,0.06768876000705012,PV22
Groningen,GROENLINKS,2021,23333,7.0,0.054549851042879856,PV22
Groningen,JA21,2021,5740,3.0,0.013419455063049346,PV22
Groningen,JA21,2023,2013,1.0,0.004706160808696574,PV22
Groningen,PVV (Partij voor de Vrijheid),2010,18882,23.0,0.0441439286586233,PV22
Groningen,PVV (Partij voor de Vrijheid),2012,11967,15.0,0.02797745971071629,PV22
Groningen,PVV (Partij voor de Vrijheid),2017,21020,19.0,0.049142324986985585,PV22
Groningen,PVV (Partij voor de Vrijheid),2021,36595,16.0,0.0855548707373329,PV22
Groningen,PVV (Partij voor de Vrijheid),2023,79811,35.0,0.18658887248031905,PV22
Groningen,Partij van de Arbeid (P.v.d.A.),2010,51767,29.0,0.12102524917227797,PV22
Groningen,Partij van de Arbeid (P.v.d.A.),2012,67427,37.0,0.15763651507599796,PV22
Groningen,Partij van de Arbeid (P.v.d.A.),2017,16315,8.0,0.038142580026768305,PV22
Groningen,Partij van de Arbeid (P.v.d.A.),2021,32535,8.0,0.07606306105859068,PV22
Groningen,Partij voor de Dieren,2010,2791,1.0,0.006525034683095945,PV22
Groningen,Partij voor de Dieren,2012,3856,2.0,0.009014881310647784,PV22
Groningen,Partij voor de Dieren,2017,8343,4.0,0.019504967524568064,PV22
Groningen,Partij voor de Dieren,2021,15722,5.0,0.03675621472147419,PV22
Groningen,Partij voor de Dieren,2023,9828,3.0,0.022976725498196685,PV22
Groningen,SP (Socialistische Partij),2010,22039,14.0,0.05152462894330044,PV22
Groningen,SP (Socialistische Partij),2012,22707,14.0,0.05308633556039399,PV22
Groningen,SP (Socialistische Partij),2017,27115,13.0,0.06339172892588554,PV22
Groningen,SP (Socialistische Partij),2021,34275,8.0,0.08013097949233734,PV22
Groningen,SP (Socialistische Partij),2023,16564,4.0,0.0387247131819424,PV22
Groningen,Staatkundig Gereformeerde Partij (SGP),2010,546,2.0,0.001276484749899816,PV22
Groningen,Staatkundig Gereformeerde Partij (SGP),2012,945,3.0,0.0022093005286727583,PV22
Groningen,Staatkundig Gereformeerde Partij (SGP),2017,963,3.0,0.0022513824435046203,PV22
Groningen,Staatkundig Gereformeerde Partij (SGP),2021,2912,3.0,0.00680791866613235,PV22
Groningen,Staatkundig Gereformeerde Partij (SGP),2023,3280,3.0,0.0076682600360281974,PV22
Groningen,VVD,2010,25606,30.0,0.0598638617324811,PV22
Groningen,VVD,2012,29224,39.0,0.06832232661368538,PV22
Groningen,VVD,2017,26411,31.0,0.061745858479128266,PV22
Groningen,VVD,2021,53539,32.0,0.12516797989905903,PV22
Groningen,VVD,2023,36092,22.0,0.08437891500619808,PV22
Groningen,Volt,2021,10330,3.0,0.02415034334517417,PV22
Groningen,Volt,2023,7082,2.0,0.016556895602180394,PV22
Limburg,50PLUS,2012,12737,2.0,0.029777630511857056,PV31
Limburg,50PLUS,2017,29486,4.0,0.0689348522629047,PV31
Limburg,50PLUS,2021,9139,1.0,0.021365923313799298,PV31
Limburg,50PLUS,2023,3625,0.0,0.008474830070305554,PV31
Limburg,BBB,2021,5392,1.0,0.012605871376300013,PV31
Limburg,BBB,2023,28147,6.0,0.06580442537624563,PV31
Limburg,CDA,2017,95948,18.0,0.22431530912708336,PV31
Limburg,CDA,2021,71901,14.0,0.168096208795873,PV31
Limburg,CDA,2023,21946,4.0,0.051307205716669156,PV31
Limburg,Christen Democratisch Appèl (CDA),2010,92679,20.0,0.21667276581678577,PV31
Limburg,Christen Democratisch Appèl (CDA),2012,56118,12.0,0.13119738314080193,PV31
Limburg,ChristenUnie,2010,3716,4.0,0.00868757752862219,PV31
Limburg,ChristenUnie,2012,3135,4.0,0.0073292668332159755,PV31
Limburg,ChristenUnie,2017,4229,5.0,0.009886912101330258,PV31
Limburg,ChristenUnie,2021,4623,5.0,0.010808038459316573,PV31
Limburg,ChristenUnie,2023,2139,3.0,0.005000734212519608,PV31
Limburg,D66,2021,82117,22.0,0.19198003334711206,PV31
Limburg,D66,2023,31286,9.0,0.07314304374609092,PV31
Limburg,DENK,2017,7353,3.0,0.017190462208815652,PV31
Limburg,DENK,2021,6665,3.0,0.01558199790857559,PV31
Limburg,DENK,2023,7987,3.0,0.018672680764560128,PV31
Limburg,Democraten 66 (D66),2010,27563,10.0,0.06443910102836745,PV31
Limburg,Democraten 66 (D66),2012,37327,12.0,0.08726620194049528,PV31
Limburg,Democraten 66 (D66),2017,68899,18.0,0.16107788055558134,PV31
Limburg,Forum voor Democratie,2017,13097,2.0,0.030619268808494304,PV31
Limburg,Forum voor Democratie,2021,42182,7.0,0.09861662952431141,PV31
Limburg,Forum voor Democratie,2023,14933,3.0,0.03491162412134423,PV31
Limburg,GROENLINKS,2010,30818,10.0,0.0720489139604625,PV31
Limburg,GROENLINKS,2012,10751,3.0,0.02513459257540828,PV31
Limburg,GROENLINKS,2017,44406,13.0,0.1038160838902037,PV31
Limburg,GROENLINKS,2021,26665,7.0,0.06233968105508899,PV31
Limburg,JA21,2021,12768,3.0,0.029850104920734154,PV31
Limburg,JA21,2023,3839,1.0,0.008975137279973247,PV31
Limburg,PVV (Partij voor de Vrijheid),2010,158347,23.0,0.3701969426600479,PV31
Limburg,PVV (Partij voor de Vrijheid),2012,104095,15.0,0.24336205135681563,PV31
Limburg,PVV (Partij voor de Vrijheid),2017,127055,19.0,0.29703987160901296,PV31
Limburg,PVV (Partij voor de Vrijheid),2021,111646,16.0,0.26101541462878175,PV31
Limburg,PVV (Partij voor de Vrijheid),2023,214273,35.0,0.5009454520426433,PV31
Limburg,Partij van de Arbeid (P.v.d.A.),2010,92251,29.0,0.21567215139745038,PV31
Limburg,Partij van de Arbeid (P.v.d.A.),2012,128569,37.0,0.30057942822320405,PV31
Limburg,Partij van de Arbeid (P.v.d.A.),2017,26363,8.0,0.06163364003957664,PV31
Limburg,Partij van de Arbeid (P.v.d.A.),2021,45594,8.0,0.1065934902691066,PV31
Limburg,Partij voor de Dieren,2010,7876,1.0,0.018413175623096977,PV31
Limburg,Partij voor de Dieren,2012,10619,2.0,0.02482599186664129,PV31
Limburg,Partij voor de Dieren,2017,18901,4.0,0.04418834845761249,PV31
Limburg,Partij voor de Dieren,2021,22722,5.0,0.053121403822753877,PV31
Limburg,Partij voor de Dieren,2023,11131,3.0,0.02602298855519203,PV31
Limburg,SP (Socialistische Partij),2010,76187,14.0,0.17811638029417082,PV31
Limburg,SP (Socialistische Partij),2012,83955,14.0,0.19627706442827664,PV31
Limburg,SP (Socialistische Partij),2017,87929,13.0,0.20556781606948885,PV31
Limburg,SP (Socialistische Partij),2021,49726,8.0,0.11625362760717627,PV31
Limburg,SP (Socialistische Partij),2023,23628,4.0,0.05523952686929093,PV31
Limburg,Staatkundig Gereformeerde Partij (SGP),2010,375,2.0,0.0008767065589971262,PV31
Limburg,Staatkundig Gereformeerde Partij (SGP),2012,557,3.0,0.0013022014756303981,PV31
Limburg,Staatkundig Gereformeerde Partij (SGP),2017,805,3.0,0.0018819967466471644,PV31
Limburg,Staatkundig Gereformeerde Partij (SGP),2021,762,3.0,0.0017814677278821605,PV31
Limburg,Staatkundig Gereformeerde Partij (SGP),2023,660,3.0,0.0015430035438349422,PV31
Limburg,VVD,2010,90921,30.0,0.21256276546820727,PV31
Limburg,VVD,2012,132960,39.0,0.3108450775580211,PV31
Limburg,VVD,2017,115906,31.0,0.2709748011389891,PV31
Limburg,VVD,2021,135929,32.0,0.317786255621121,PV31
Limburg,VVD,2023,89134,22.0,0.20838496647906626,PV31
Limburg,Volt,2021,10133,3.0,0.023689780166181014,PV31
Limburg,Volt,2023,6468,2.0,0.015121434729582434,PV31
Noord-Brabant,50PLUS,2012,29449,2.0,0.06884835054908366,PV30
Noord-Brabant,50PLUS,2017,47483,4.0,0.1110097534422948,PV30
Noord-Brabant,50PLUS,2021,17655,1.0,0.041275344797584705,PV30
Noord-Brabant,50PLUS,2023,9701,0.0,0.022679814210216323,PV30
Noord-Brabant,BBB,2021,10913,1.0,0.02551332980889504,PV30
Noord-Brabant,BBB,2023,67239,6.0,0.15719699285442074,PV30
Noord-Brabant,CDA,2017,180335,18.0,0.4216023395113247,PV30
Noord-Brabant,CDA,2021,138627,14.0,0.32409386707758564,PV30
Noord-Brabant,CDA,2023,52670,4.0,0.12313635856634304,PV30
Noord-Brabant,Christen Democratisch Appèl (CDA),2010,181390,20.0,0.42406880729730323,PV30
Noord-Brabant,Christen Democratisch Appèl (CDA),2012,100850,12.0,0.2357756172662938,PV30
Noord-Brabant,ChristenUnie,2010,10060,4.0,0.023519114622696242,PV30
Noord-Brabant,ChristenUnie,2012,8648,4.0,0.020218022192552393,PV30
Noord-Brabant,ChristenUnie,2017,13490,5.0,0.03153805728232329,PV30
Noord-Brabant,ChristenUnie,2021,17273,5.0,0.0403822730494863,PV30
Noord-Brabant,ChristenUnie,2023,9238,3.0,0.02159737384537454,PV30
Noord-Brabant,D66,2021,213725,22.0,0.4996642915244288,PV30
Noord-Brabant,D66,2023,100017,9.0,0.23382815976324156,PV30
Noord-Brabant,DENK,2017,24786,3.0,0.05794679672347406,PV30
Noord-Brabant,DENK,2021,23425,3.0,0.05476493638535382,PV30
Noord-Brabant,DENK,2023,27256,3.0,0.06372137059206846,PV30
Noord-Brabant,Democraten 66 (D66),2010,79871,10.0,0.18672914552975858,PV30
Noord-Brabant,Democraten 66 (D66),2012,94912,12.0,0.22189326114009397,PV30
Noord-Brabant,Democraten 66 (D66),2017,165168,18.0,0.38614365049716626,PV30
Noord-Brabant,Forum voor Democratie,2017,22168,2.0,0.05182621599959546,PV30
Noord-Brabant,Forum voor Democratie,2021,69367,7.0,0.16217201034120976,PV30
Noord-Brabant,Forum voor Democratie,2023,28879,3.0,0.06751575657940802,PV30
Noord-Brabant,GROENLINKS,2010,67615,10.0,0.15807603729757516,PV30
Noord-Brabant,GROENLINKS,2012,22116,3.0,0.05170464602341451,PV30
Noord-Brabant,GROENLINKS,2017,111443,13.0,0.26054082414484464,PV30
Noord-Brabant,GROENLINKS,2021,62715,7.0,0.1466204049266794,PV30
Noord-Brabant,JA21,2021,31260,3.0,0.07308225875800044,PV30
Noord-Brabant,JA21,2023,10993,1.0,0.02570036054148109,PV30
Noord-Brabant,PVV (Partij voor de Vrijheid),2010,209096,23.0,0.4888422257601683,PV30
Noord-Brabant,PVV (Partij voor de Vrijheid),2012,132940,15.0,0.31079831987487455,PV30
Noord-Brabant,PVV (Partij voor de Vrijheid),2017,205244,19.0,0.47983669598614986,PV30
Noord-Brabant,PVV (Partij voor de Vrijheid),2021,168773,16.0,0.3945717228843253,PV30
Noord-Brabant,PVV (Partij voor de Vrijheid),2023,411350,35.0,0.9616886481159144,PV30
Noord-Brabant,Partij van de Arbeid (P.v.d.A.),2010,195146,29.0,0.4562287417654752,PV30
Noord-Brabant,Partij van de Arbeid (P.v.d.A.),2012,259308,37.0,0.6062320650678048,PV30
Noord-Brabant,Partij van de Arbeid (P.v.d.A.),2017,58945,8.0,0.1378065816535616,PV30
Noord-Brabant,Partij van de Arbeid (P.v.d.A.),2021,64195,8.0,0.1500804734795214,PV30
Noord-Brabant,Partij voor de Dieren,2010,13220,1.0,0.03090682855984536,PV30
Noord-Brabant,Partij voor de Dieren,2012,18999,2.0,0.044417461105030406,PV30
Noord-Brabant,Partij voor de Dieren,2017,37042,4.0,0.08659990495565746,PV30
Noord-Brabant,Partij voor de Dieren,2021,45685,5.0,0.10680623772742323,PV30
Noord-Brabant,Partij voor de Dieren,2023,26795,3.0,0.06264360599554133,PV30
Noord-Brabant,SP (Socialistische Partij),2010,152384,14.0,0.3562561394299149,PV30
Noord-Brabant,SP (Socialistische Partij),2012,156967,14.0,0.3669706625229384,PV30
Noord-Brabant,SP (Socialistische Partij),2017,164930,13.0,0.3855872340677228,PV30
Noord-Brabant,SP (Socialistische Partij),2021,106702,8.0,0.24945691535496364,PV30
Noord-Brabant,SP (Socialistische Partij),2023,62960,4.0,0.14719318654522417,PV30
Noord-Brabant,Staatkundig Gereformeerde Partij (SGP),2010,1584,2.0,0.0037032085052038613,PV30
Noord-Brabant,Staatkundig Gereformeerde Partij (SGP),2012,2192,3.0,0.005124642072857869,PV30
Noord-Brabant,Staatkundig Gereformeerde Partij (SGP),2017,2970,3.0,0.00694351594725724,PV30
Noord-Brabant,Staatkundig Gereformeerde Partij (SGP),2021,7158,3.0,0.016734574798137145,PV30
Noord-Brabant,Staatkundig Gereformeerde Partij (SGP),2023,6706,3.0,0.015677851159025945,PV30
Noord-Brabant,VVD,2010,248523,30.0,0.5810179844310476,PV30
Noord-Brabant,VVD,2012,336694,39.0,0.7871515684666092,PV30
Noord-Brabant,VVD,2017,333545,31.0,0.7797895712551907,PV30
Noord-Brabant,VVD,2021,375905,32.0,0.878822344159506,PV30
Noord-Brabant,VVD,2023,275193,22.0,0.643369354906923,PV30
Noord-Brabant,Volt,2021,31559,3.0,0.07378128612104082,PV30
Noord-Brabant,Volt,2023,24291,2.0,0.05678954406559785,PV30
Noord-Holland,50PLUS,2012,28860,2.0,0.06747133678041883,PV27
Noord-Holland,50PLUS,2017,48197,4.0,0.11267900273062531,PV27
Noord-Holland,50PLUS,2021,14830,1.0,0.034670822053139684,PV27
Noord-Holland,50PLUS,2023,8583,0.0,0.020066059722326227,PV27
Noord-Holland,BBB,2021,7701,1.0,0.018004045895564983,PV27
Noord-Holland,BBB,2023,50507,6.0,0.1180795151340476,PV27
Noord-Holland,CDA,2017,124662,18.0,0.2914453148205327,PV27
Noord-Holland,CDA,2021,102077,14.0,0.23864420112733242,PV27
Noord-Holland,CDA,2023,35628,4.0,0.08329413675719897,PV27
Noord-Holland,Christen Democratisch Appèl (CDA),2010,111038,20.0,0.25959398106112774,PV27
Noord-Holland,Christen Democratisch Appèl (CDA),2012,72943,12.0,0.17053228408780632,PV27
Noord-Holland,ChristenUnie,2010,18287,4.0,0.042752887585014526,PV27
Noord-Holland,ChristenUnie,2012,17928,4.0,0.04191358717253461,PV27
Noord-Holland,ChristenUnie,2017,28014,5.0,0.06549348678332131,PV27
Noord-Holland,ChristenUnie,2021,26549,5.0,0.06206848649283922,PV27
Noord-Holland,ChristenUnie,2023,15971,3.0,0.037338347876648276,PV27
Noord-Holland,D66,2021,289460,22.0,0.6767239481794884,PV27
Noord-Holland,D66,2023,126696,9.0,0.2962005711965331,PV27
Noord-Holland,DENK,2017,48817,3.0,0.11412849090816723,PV27
Noord-Holland,DENK,2021,46392,3.0,0.10845912182665249,PV27
Noord-Holland,DENK,2023,54242,3.0,0.12681151246165898,PV27
Noord-Holland,Democraten 66 (D66),2010,118849,10.0,0.27785519421399857,PV27
Noord-Holland,Democraten 66 (D66),2012,141552,12.0,0.3309321782377632,PV27
Noord-Holland,Democraten 66 (D66),2017,237800,18.0,0.5559488526120444,PV27
Noord-Holland,Forum voor Democratie,2017,30588,2.0,0.0715112006042776,PV27
Noord-Holland,Forum voor Democratie,2021,70240,7.0,0.16421298321055508,PV27
Noord-Holland,Forum voor Democratie,2023,38695,3.0,0.0904644274677168,PV27
Noord-Holland,GROENLINKS,2010,115720,10.0,0.27053995468572656,PV27
Noord-Holland,GROENLINKS,2012,43396,3.0,0.10145482089130478,PV27
Noord-Holland,GROENLINKS,2017,198134,13.0,0.46321433962756436,PV27
Noord-Holland,GROENLINKS,2021,102940,7.0,0.24066179515510447,PV27
Noord-Holland,JA21,2021,36411,3.0,0.08512470005238497,PV27
Noord-Holland,JA21,2023,11065,1.0,0.025868688200808537,PV27
Noord-Holland,PVV (Partij voor de Vrijheid),2010,174488,23.0,0.4079327308434415,PV27
Noord-Holland,PVV (Partij voor de Vrijheid),2012,116424,15.0,0.2721858251324838,PV27
Noord-Holland,PVV (Partij voor de Vrijheid),2017,168020,19.0,0.39281129611385907,PV27
Noord-Holland,PVV (Partij voor de Vrijheid),2021,139247,16.0,0.32554335525512756,PV27
Noord-Holland,PVV (Partij voor de Vrijheid),2023,309674,35.0,0.7239819385356695,PV27
Noord-Holland,Partij van de Arbeid (P.v.d.A.),2010,318915,29.0,0.745586326033516,PV27
Noord-Holland,Partij van de Arbeid (P.v.d.A.),2012,371206,37.0,0.8678366265042327,PV27
Noord-Holland,Partij van de Arbeid (P.v.d.A.),2017,108951,8.0,0.2547148168247891,PV27
Noord-Holland,Partij van de Arbeid (P.v.d.A.),2021,96038,8.0,0.2245257187012427,PV27
Noord-Holland,Partij voor de Dieren,2010,21517,1.0,0.050304253413176445,PV27
Noord-Holland,Partij voor de Dieren,2012,35402,2.0,0.08276577493764337,PV27
Noord-Holland,Partij voor de Dieren,2017,71125,4.0,0.1662820106897883,PV27
Noord-Holland,Partij voor de Dieren,2021,81967,5.0,0.19162935072351317,PV27
Noord-Holland,Partij voor de Dieren,2023,49781,3.0,0.11638221123582919,PV27
Noord-Holland,SP (Socialistische Partij),2010,109287,14.0,0.2555003459016505,PV27
Noord-Holland,SP (Socialistische Partij),2012,114339,14.0,0.2673113366644598,PV27
Noord-Holland,SP (Socialistische Partij),2017,111864,13.0,0.26152507337507874,PV27
Noord-Holland,SP (Socialistische Partij),2021,82589,8.0,0.19308351466936977,PV27
Noord-Holland,SP (Socialistische Partij),2023,49768,4.0,0.11635181874178394,PV27
Noord-Holland,Staatkundig Gereformeerde Partij (SGP),2010,2929,2.0,0.006847662696806888,PV27
Noord-Holland,Staatkundig Gereformeerde Partij (SGP),2012,4421,3.0,0.010335785859536786,PV27
Noord-Holland,Staatkundig Gereformeerde Partij (SGP),2017,5520,3.0,0.012905120548437697,PV27
Noord-Holland,Staatkundig Gereformeerde Partij (SGP),2021,4874,3.0,0.011394847382805315,PV27
Noord-Holland,Staatkundig Gereformeerde Partij (SGP),2023,4600,3.0,0.010754267123698081,PV27
Noord-Holland,VVD,2010,297906,30.0,0.6964697177722611,PV27
Noord-Holland,VVD,2012,384240,39.0,0.8983086086108155,PV27
Noord-Holland,VVD,2017,364272,31.0,0.8516257377573364,PV27
Noord-Holland,VVD,2021,328057,32.0,0.7669592629997873,PV27
Noord-Holland,VVD,2023,270800,22.0,0.6330990298037914,PV27
Noord-Holland,Volt,2021,54777,3.0,0.1280622804858282,PV27
Noord-Holland,Volt,2023,37088,2.0,0.08670744762689446,PV27
Overijssel,50PLUS,2012,9780,2.0,0.022864507058645053,PV23
Overijssel,50PLUS,2017,18510,4.0,0.043274235752098156,PV23
Overijssel,50PLUS,2021,5817,1.0,0.013599472143163423,PV23
Overijssel,50PLUS,2023,2154,0.0,0.005035802474879493,PV23
Overijssel,BBB,2021,19139,1.0,0.044744764887056,PV23
Overijssel,BBB,2023,63533,6.0,0.1485327941673718,PV23
Overijssel,CDA,2017,144223,18.0,0.3371766668219801,PV23
Overijssel,CDA,2021,115736,14.0,0.27057736083224376,PV23
Overijssel,CDA,2023,26019,4.0,0.060829407889456615,PV23
Overijssel,Christen Democratisch Appèl (CDA),2010,132669,20.0,0.31016475326823933,PV23
Overijssel,Christen Democratisch Appèl (CDA),2012,89760,12.0,0.20984848196155215,PV23
Overijssel,ChristenUnie,2010,40248,4.0,0.09409516156404356,PV23
Overijssel,ChristenUnie,2012,40419,4.0,0.09449493975494626,PV23
Overijssel,ChristenUnie,2017,43578,5.0,0.10188031580793805,PV23
Overijssel,ChristenUnie,2021,41837,5.0,0.09781005949003406,PV23
Overijssel,ChristenUnie,2023,25645,3.0,0.05995503921461681,PV23
Overijssel,D66,2021,88560,22.0,0.2070430209727613,PV23
Overijssel,D66,2023,32251,9.0,0.07539910195791019,PV23
Overijssel,DENK,2017,10627,3.0,0.024844694939899898,PV23
Overijssel,DENK,2021,9353,3.0,0.021866230523466992,PV23
Overijssel,DENK,2023,10138,3.0,0.023701469586967644,PV23
Overijssel,Democraten 66 (D66),2010,38171,10.0,0.08923937616927814,PV23
Overijssel,Democraten 66 (D66),2012,43152,12.0,0.10088437715691731,PV23
Overijssel,Democraten 66 (D66),2017,77333,18.0,0.18079559553846605,PV23
Overijssel,Forum voor Democratie,2017,10632,2.0,0.024856384360686525,PV23
Overijssel,Forum voor Democratie,2021,37005,7.0,0.08651340324183641,PV23
Overijssel,Forum voor Democratie,2023,15816,3.0,0.0369759758322628,PV23
Overijssel,GROENLINKS,2010,34887,10.0,0.08156176459662065,PV23
Overijssel,GROENLINKS,2012,11451,3.0,0.026771111485536247,PV23
Overijssel,GROENLINKS,2017,50604,13.0,0.11830628989730821,PV23
Overijssel,GROENLINKS,2021,28914,7.0,0.06759758252491442,PV23
Overijssel,JA21,2021,14792,3.0,0.03458198245516131,PV23
Overijssel,JA21,2023,4230,1.0,0.009889249985487583,PV23
Overijssel,PVV (Partij voor de Vrijheid),2010,81775,23.0,0.19118047696530666,PV23
Overijssel,PVV (Partij voor de Vrijheid),2012,53434,15.0,0.12492250206253985,PV23
Overijssel,PVV (Partij voor de Vrijheid),2017,84386,19.0,0.19728469250008396,PV23
Overijssel,PVV (Partij voor de Vrijheid),2021,75954,16.0,0.17757165328551394,PV23
Overijssel,PVV (Partij voor de Vrijheid),2023,163887,35.0,0.3831488208916321,PV23
Overijssel,Partij van de Arbeid (P.v.d.A.),2010,124432,29.0,0.2909076014643478,PV23
Overijssel,Partij van de Arbeid (P.v.d.A.),2012,161862,37.0,0.3784146054730476,PV23
Overijssel,Partij van de Arbeid (P.v.d.A.),2017,40025,8.0,0.09357381339695994,PV23
Overijssel,Partij van de Arbeid (P.v.d.A.),2021,38640,8.0,0.09033584383906389,PV23
Overijssel,Partij voor de Dieren,2010,5664,1.0,0.013241775867092596,PV23
Overijssel,Partij voor de Dieren,2012,8534,2.0,0.019951503398617267,PV23
Overijssel,Partij voor de Dieren,2017,15497,4.0,0.03623019078607591,PV23
Overijssel,Partij voor de Dieren,2021,19046,5.0,0.04452734166042471,PV23
Overijssel,Partij voor de Dieren,2023,11264,3.0,0.026333927148116346,PV23
Overijssel,SP (Socialistische Partij),2010,60448,14.0,0.14132042154202212,PV23
Overijssel,SP (Socialistische Partij),2012,61267,14.0,0.14323514866687181,PV23
Overijssel,SP (Socialistische Partij),2017,66753,13.0,0.15606078115396044,PV23
Overijssel,SP (Socialistische Partij),2021,40389,8.0,0.09442480323022649,PV23
Overijssel,SP (Socialistische Partij),2023,18051,4.0,0.042201146923885664,PV23
Overijssel,Staatkundig Gereformeerde Partij (SGP),2010,16337,2.0,0.03819401347822947,PV23
Overijssel,Staatkundig Gereformeerde Partij (SGP),2012,19761,3.0,0.046198928832912566,PV23
Overijssel,Staatkundig Gereformeerde Partij (SGP),2017,21852,3.0,0.051087444605880536,PV23
Overijssel,Staatkundig Gereformeerde Partij (SGP),2021,22257,3.0,0.05203428768959744,PV23
Overijssel,Staatkundig Gereformeerde Partij (SGP),2023,22334,3.0,0.05221430476971151,PV23
Overijssel,VVD,2010,109685,30.0,0.25643082379626614,PV23
Overijssel,VVD,2012,151354,39.0,0.3538481187478694,PV23
Overijssel,VVD,2017,135760,31.0,0.31739115319853295,PV23
Overijssel,VVD,2021,145052,32.0,0.3391147727884031,PV23
Overijssel,VVD,2023,83052,22.0,0.19416595503421155,PV23
Overijssel,Volt,2021,14022,3.0,0.03278181165402055,PV23
Overijssel,Volt,2023,9850,2.0,0.02302815894965785,PV23
Utrecht,50PLUS,2012,11383,2.0,0.0266121353628381,PV26
Utrecht,50PLUS,2017,17993,4.0,0.04206554964276078,PV26
Utrecht,50PLUS,2021,6863,1.0,0.016044898971726073,PV26
Utrecht,50PLUS,2023,3362,0.0,0.007859966536928904,PV26
Utrecht,BBB,2021,3828,1.0,0.008949420554242665,PV26
Utrecht,BBB,2023,24167,6.0,0.056499646430089465,PV26
Utrecht,CDA,2017,85229,18.0,0.1992555288447095,PV26
Utrecht,CDA,2021,69422,14.0,0.16230059396986268,PV26
Utrecht,CDA,2023,28464,4.0,0.06654553465411787,PV26
Utrecht,Christen Democratisch Appèl (CDA),2010,79593,20.0,0.18607921373402206,PV26
Utrecht,Christen Democratisch Appèl (CDA),2012,52820,12.0,0.1234870411899419,PV26
Utrecht,ChristenUnie,2010,31469,4.0,0.07357087654688152,PV26
Utrecht,ChristenUnie,2012,31805,4.0,0.07435640562374293,PV26
Utrecht,ChristenUnie,2017,39674,5.0,0.09275321605773863,PV26
Utrecht,ChristenUnie,2021,41032,5.0,0.09592806274338689,PV26
Utrecht,ChristenUnie,2023,25108,3.0,0.05869959542213292,PV26
Utrecht,D66,2021,156080,22.0,0.36489695927539056,PV26
Utrecht,D66,2023,70842,9.0,0.16562038947326513,PV26
Utrecht,DENK,2017,21973,3.0,0.05137032858891694,PV26
Utrecht,DENK,2021,23050,3.0,0.053888229826356694,PV26
Utrecht,DENK,2023,26230,3.0,0.061322701446652327,PV26
Utrecht,Democraten 66 (D66),2010,62415,10.0,0.1459190396794817,PV26
Utrecht,Democraten 66 (D66),2012,78089,12.0,0.18256303596140425,PV26
Utrecht,Democraten 66 (D66),2017,122807,18.0,0.28710853970869354,PV26
Utrecht,Forum voor Democratie,2017,12288,2.0,0.02872792052521783,PV26
Utrecht,Forum voor Democratie,2021,30195,7.0,0.0705924121304486,PV26
Utrecht,Forum voor Democratie,2023,14872,3.0,0.03476901318774736,PV26
Utrecht,GROENLINKS,2010,60465,10.0,0.14136016557269665,PV26
Utrecht,GROENLINKS,2012,25761,3.0,0.06022623377686658,PV26
Utrecht,GROENLINKS,2017,93851,13.0,0.21941276604917145,PV26
Utrecht,GROENLINKS,2021,59027,7.0,0.13799828815446233,PV26
Utrecht,JA21,2021,18203,3.0,0.04255650531579917,PV26
Utrecht,JA21,2023,5229,1.0,0.012224796258655928,PV26
Utrecht,PVV (Partij voor de Vrijheid),2010,81956,23.0,0.1916036339977826,PV26
Utrecht,PVV (Partij voor de Vrijheid),2012,55955,15.0,0.13081630802315788,PV26
Utrecht,PVV (Partij voor de Vrijheid),2017,79332,19.0,0.18546902596896006,PV26
Utrecht,PVV (Partij voor de Vrijheid),2021,66306,16.0,0.15501574693563588,PV26
Utrecht,PVV (Partij voor de Vrijheid),2023,148706,35.0,0.34765740149927105,PV26
Utrecht,Partij van de Arbeid (P.v.d.A.),2010,121824,29.0,0.2848103995820424,PV26
Utrecht,Partij van de Arbeid (P.v.d.A.),2012,160675,37.0,0.37563953697830205,PV26
Utrecht,Partij van de Arbeid (P.v.d.A.),2017,41412,8.0,0.09681645872317066,PV26
Utrecht,Partij van de Arbeid (P.v.d.A.),2021,40534,8.0,0.09476379643303871,PV26
Utrecht,Partij voor de Dieren,2010,8088,1.0,0.018908807064450018,PV26
Utrecht,Partij voor de Dieren,2012,13787,2.0,0.032232408877049014,PV26
Utrecht,Partij voor de Dieren,2017,26933,4.0,0.06296623400925228,PV26
Utrecht,Partij voor de Dieren,2021,35169,5.0,0.08222104792898649,PV26
Utrecht,Partij voor de Dieren,2023,23493,3.0,0.05492391250805197,PV26
Utrecht,SP (Socialistische Partij),2010,47307,14.0,0.11059828583060546,PV26
Utrecht,SP (Socialistische Partij),2012,46773,14.0,0.10934985569059356,PV26
Utrecht,SP (Socialistische Partij),2017,44959,13.0,0.1051089338292048,PV26
Utrecht,SP (Socialistische Partij),2021,33284,8.0,0.0778141362924276,PV26
Utrecht,SP (Socialistische Partij),2023,19566,4.0,0.04574304142223406,PV26
Utrecht,Staatkundig Gereformeerde Partij (SGP),2010,14914,2.0,0.03486720432235504,PV26
Utrecht,Staatkundig Gereformeerde Partij (SGP),2012,19114,3.0,0.044686317783122854,PV26
Utrecht,Staatkundig Gereformeerde Partij (SGP),2017,20882,3.0,0.04881969697327464,PV26
Utrecht,Staatkundig Gereformeerde Partij (SGP),2021,22671,3.0,0.05300217173073026,PV26
Utrecht,Staatkundig Gereformeerde Partij (SGP),2023,23436,3.0,0.0547906531110844,PV26
Utrecht,VVD,2010,152835,30.0,0.3573105251848688,PV26
Utrecht,VVD,2012,211211,39.0,0.49378685075291207,PV26
Utrecht,VVD,2017,181200,31.0,0.4236246093074114,PV26
Utrecht,VVD,2021,182072,32.0,0.42566324429259944,PV26
Utrecht,VVD,2023,136880,22.0,0.3200095834547377,PV26
Utrecht,Volt,2021,29563,3.0,0.06911486934301878,PV26
Utrecht,Volt,2023,21620,2.0,0.05054505548138099,PV26
Zeeland,50PLUS,2012,3591,2.0,0.008395342008956481,PV29
Zeeland,50PLUS,2017,8162,4.0,0.019081810492092118,PV29
Zeeland,50PLUS,2021,3290,1.0,0.007691638877601455,PV29
Zeeland,50PLUS,2023,1297,0.0,0.0030322357520513937,PV29
Zeeland,BBB,2021,3083,1.0,0.007207696857035041,PV29
Zeeland,BBB,2023,13535,6.0,0.03164326206940295,PV29
Zeeland,CDA,2017,31563,18.0,0.07379063765767012,PV29
Zeeland,CDA,2021,24814,14.0,0.058012257479879176,PV29
Zeeland,CDA,2023,10015,4.0,0.023413909835616583,PV29
Zeeland,Christen Democratisch Appèl (CDA),2010,36085,20.0,0.0843625498170968,PV29
Zeeland,Christen Democratisch Appèl (CDA),2012,20933,12.0,0.04893892906529825,PV29
Zeeland,ChristenUnie,2010,9469,4.0,0.02213742508571677,PV29
Zeeland,ChristenUnie,2012,9190,4.0,0.02148515540582291,PV29
Zeeland,ChristenUnie,2017,10692,5.0,0.024996657410126064,PV29
Zeeland,ChristenUnie,2021,10552,5.0,0.024669353628100472,PV29
Zeeland,ChristenUnie,2023,6799,3.0,0.01589527438565723,PV29
Zeeland,D66,2021,23758,22.0,0.055543451809743266,PV29
Zeeland,D66,2023,9537,9.0,0.022296401208414914,PV29
Zeeland,DENK,2017,1579,3.0,0.0036915190844172326,PV29
Zeeland,DENK,2021,1466,3.0,0.0034273381746394325,PV29
Zeeland,DENK,2023,1818,3.0,0.004250273398018068,PV29
Zeeland,Democraten 66 (D66),2010,9526,10.0,0.022270684482684332,PV29
Zeeland,Democraten 66 (D66),2012,10684,12.0,0.02497795433686746,PV29
Zeeland,Democraten 66 (D66),2017,19021,18.0,0.04446889455649157,PV29
Zeeland,Forum voor Democratie,2017,4067,2.0,0.0095081748678435,PV29
Zeeland,Forum voor Democratie,2021,13134,7.0,0.030705770522315348,PV29
Zeeland,Forum voor Democratie,2023,5711,3.0,0.0133516564224869,PV29
Zeeland,GROENLINKS,2010,10698,10.0,0.025010684715070015,PV29
Zeeland,GROENLINKS,2012,3425,3.0,0.00800725323884042,PV29
Zeeland,GROENLINKS,2017,14554,13.0,0.0340255660257178,PV29
Zeeland,GROENLINKS,2021,6992,7.0,0.016346486028021086,PV29
Zeeland,JA21,2021,5814,3.0,0.013592458490691446,PV29
Zeeland,JA21,2023,1612,1.0,0.00376866926160898,PV29
Zeeland,PVV (Partij voor de Vrijheid),2010,33141,23.0,0.07747981885793004,PV29
Zeeland,PVV (Partij voor de Vrijheid),2012,21785,15.0,0.050930806367339716,PV29
Zeeland,PVV (Partij voor de Vrijheid),2017,31302,19.0,0.07318044989260812,PV29
Zeeland,PVV (Partij voor de Vrijheid),2021,24601,16.0,0.057514288154368806,PV29
Zeeland,PVV (Partij voor de Vrijheid),2023,55151,35.0,0.12893664916066802,PV29
Zeeland,Partij van de Arbeid (P.v.d.A.),2010,38549,29.0,0.09012309638074725,PV29
Zeeland,Partij van de Arbeid (P.v.d.A.),2012,49520,37.0,0.11577202347076718,PV29
Zeeland,Partij van de Arbeid (P.v.d.A.),2017,13203,8.0,0.03086708452917082,PV29
Zeeland,Partij van de Arbeid (P.v.d.A.),2021,14283,8.0,0.033391999419082545,PV29
Zeeland,Partij voor de Dieren,2010,3045,1.0,0.007118857259056664,PV29
Zeeland,Partij voor de Dieren,2012,3847,2.0,0.008993840353231853,PV29
Zeeland,Partij voor de Dieren,2017,6808,4.0,0.01591631534307316,PV29
Zeeland,Partij voor de Dieren,2021,7657,5.0,0.017901178992642652,PV29
Zeeland,Partij voor de Dieren,2023,4166,3.0,0.009739625399418741,PV29
Zeeland,SP (Socialistische Partij),2010,20393,14.0,0.04767647162034239,PV29
Zeeland,SP (Socialistische Partij),2012,20003,14.0,0.04676469679898537,PV29
Zeeland,SP (Socialistische Partij),2017,22299,13.0,0.05213247882420512,PV29
Zeeland,SP (Socialistische Partij),2021,12831,8.0,0.029997391622645673,PV29
Zeeland,SP (Socialistische Partij),2023,7068,4.0,0.016524165223977837,PV29
Zeeland,Staatkundig Gereformeerde Partij (SGP),2010,18990,2.0,0.044396420147614475,PV29
Zeeland,Staatkundig Gereformeerde Partij (SGP),2012,20675,3.0,0.048335754952708226,PV29
Zeeland,Staatkundig Gereformeerde Partij (SGP),2017,22382,3.0,0.05232652320926314,PV29
Zeeland,Staatkundig Gereformeerde Partij (SGP),2021,22274,3.0,0.052074031720271974,PV29
Zeeland,Staatkundig Gereformeerde Partij (SGP),2023,22384,3.0,0.0523311989775778,PV29
Zeeland,VVD,2010,38738,30.0,0.0905649564864818,PV29
Zeeland,VVD,2012,53011,39.0,0.1239335770639911,PV29
Zeeland,VVD,2017,46244,31.0,0.10811311497136827,PV29
Zeeland,VVD,2021,49312,32.0,0.11528574356604343,PV29
Zeeland,VVD,2023,33962,22.0,0.0793992217510944,PV29
Zeeland,Volt,2021,2686,3.0,0.00627955684657675,PV29
Zeeland,Volt,2023,1655,2.0,0.003869198280373984,PV29
Zuid-Holland,50PLUS,2012,33004,2.0,0.0771595287283764,PV28
Zuid-Holland,50PLUS,2017,63128,4.0,0.1475859510836549,PV28
Zuid-Holland,50PLUS,2021,21431,1.0,0.050103195375646434,PV28
Zuid-Holland,50PLUS,2023,10035,0.0,0.0234606675187631,PV28
Zuid-Holland,BBB,2021,6922,1.0,0.016182834137008287,PV28
Zuid-Holland,BBB,2023,53104,6.0,0.12415100029062238,PV28
Zuid-Holland,CDA,2017,201998,18.0,0.47224792401147064,PV28
Zuid-Holland,CDA,2021,158269,14.0,0.3700145876957765,PV28
Zuid-Holland,CDA,2023,68055,4.0,0.1591047063267985,PV28
Zuid-Holland,Christen Democratisch Appèl (CDA),2010,175692,20.0,0.41074754336886166,PV28
Zuid-Holland,Christen Democratisch Appèl (CDA),2012,112306,12.0,0.2625584181726167,PV28
Zuid-Holland,ChristenUnie,2010,54406,4.0,0.1271949254634604,PV28
Zuid-Holland,ChristenUnie,2012,53164,4.0,0.12429127334006192,PV28
Zuid-Holland,ChristenUnie,2017,72795,5.0,0.17018627723252217,PV28
Zuid-Holland,ChristenUnie,2021,80503,5.0,0.1882066883171884,PV28
Zuid-Holland,ChristenUnie,2023,49300,3.0,0.11525768895615553,PV28
Zuid-Holland,D66,2021,314099,22.0,0.7343270759318357,PV28
Zuid-Holland,D66,2023,131255,9.0,0.3068589850697808,PV28
Zuid-Holland,DENK,2017,70986,3.0,0.16595704479192003,PV28
Zuid-Holland,DENK,2021,71899,3.0,0.16809153302755833,PV28
Zuid-Holland,DENK,2023,85574,3.0,0.20006209887898688,PV28
Zuid-Holland,Democraten 66 (D66),2010,131017,10.0,0.3063025686403373,PV28
Zuid-Holland,Democraten 66 (D66),2012,145350,12.0,0.33981146226728615,PV28
Zuid-Holland,Democraten 66 (D66),2017,253879,18.0,0.5935396919776837,PV28
Zuid-Holland,Forum voor Democratie,2017,42011,2.0,0.09821685133340874,PV28
Zuid-Holland,Forum voor Democratie,2021,104333,7.0,0.2439184677862591,PV28
Zuid-Holland,Forum voor Democratie,2023,48934,3.0,0.11440202335457435,PV28
Zuid-Holland,GROENLINKS,2010,111622,10.0,0.2609593054090059,PV28
Zuid-Holland,GROENLINKS,2012,39645,3.0,0.09268541741717619,PV28
Zuid-Holland,GROENLINKS,2017,182911,13.0,0.42762472910059557,PV28
Zuid-Holland,GROENLINKS,2021,109478,7.0,0.25594688177569974,PV28
Zuid-Holland,JA21,2021,65099,3.0,0.1521939207577438,PV28
Zuid-Holland,JA21,2023,16850,1.0,0.03939334805093754,PV28
Zuid-Holland,PVV (Partij voor de Vrijheid),2010,277161,23.0,0.64797031092854,PV28
Zuid-Holland,PVV (Partij voor de Vrijheid),2012,191247,15.0,0.4471133314360624,PV28
Zuid-Holland,PVV (Partij voor de Vrijheid),2017,296028,19.0,0.6920791713248035,PV28
Zuid-Holland,PVV (Partij voor de Vrijheid),2021,226395,16.0,0.529285283797745,PV28
Zuid-Holland,PVV (Partij voor de Vrijheid),2023,502551,35.0,1.1749060211481728,PV28
Zuid-Holland,Partij van de Arbeid (P.v.d.A.),2010,318907,29.0,0.7455676229602575,PV28
Zuid-Holland,Partij van de Arbeid (P.v.d.A.),2012,402206,37.0,0.9403110353813283,PV28
Zuid-Holland,Partij van de Arbeid (P.v.d.A.),2017,113231,8.0,0.26472096101814296,PV28
Zuid-Holland,Partij van de Arbeid (P.v.d.A.),2021,106464,8.0,0.2489004989255201,PV28
Zuid-Holland,Partij voor de Dieren,2010,25142,1.0,0.05877908348348199,PV28
Zuid-Holland,Partij voor de Dieren,2012,38170,2.0,0.08923703828512083,PV28
Zuid-Holland,Partij voor de Dieren,2017,68437,4.0,0.15999777807489687,PV28
Zuid-Holland,Partij voor de Dieren,2021,81793,5.0,0.19122255888013853,PV28
Zuid-Holland,Partij voor de Dieren,2023,47926,3.0,0.11204543612399005,PV28
Zuid-Holland,SP (Socialistische Partij),2010,134535,14.0,0.314527245105809,PV28
Zuid-Holland,SP (Socialistische Partij),2012,125693,14.0,0.2938556733867354,PV28
Zuid-Holland,SP (Socialistische Partij),2017,137079,13.0,0.3204748224020455,PV28
Zuid-Holland,SP (Socialistische Partij),2021,103150,8.0,0.2411527508281429,PV28
Zuid-Holland,SP (Socialistische Partij),2023,56463,4.0,0.1320039531750793,PV28
Zuid-Holland,Staatkundig Gereformeerde Partij (SGP),2010,33918,2.0,0.07929635484817207,PV28
Zuid-Holland,Staatkundig Gereformeerde Partij (SGP),2012,41592,3.0,0.09723727787148927,PV28
Zuid-Holland,Staatkundig Gereformeerde Partij (SGP),2017,55347,3.0,0.12939487445550385,PV28
Zuid-Holland,Staatkundig Gereformeerde Partij (SGP),2021,62079,3.0,0.14513351060262028,PV28
Zuid-Holland,Staatkundig Gereformeerde Partij (SGP),2023,61766,3.0,0.14440175286137732,PV28
Zuid-Holland,VVD,2010,367363,30.0,0.8588521376876301,PV28
Zuid-Holland,VVD,2012,467064,39.0,1.0919415260571568,PV28
Zuid-Holland,VVD,2017,446505,31.0,1.0438769656666984,PV28
Zuid-Holland,VVD,2021,465292,32.0,1.0877987953303756,PV28
Zuid-Holland,VVD,2023,329622,22.0,0.770618051706002,PV28
Zuid-Holland,Volt,2021,53055,3.0,0.12403644396691343,PV28
Zuid-Holland,Volt,2023,36546,2.0,0.08544031441362394,PV28
